timestamp,temperature,pressure,vibration,humidity,equipment
2025-01-01 00:00:00,60.00,30.00,1.000,50.00,VacuumSystem
2025-01-01 00:00:01,60.10,30.05,1.005,50.20,VacuumSystem
2025-01-01 00:00:02,60.20,30.10,1.010,50.40,VacuumSystem
2025-01-01 00:00:03,60.30,30.15,1.015,50.60,VacuumSystem
2025-01-01 00:00:04,60.40,30.20,1.020,50.80,VacuumSystem
2025-01-01 00:00:05,60.50,30.25,1.025,51.00,VacuumSystem
2025-01-01 00:00:06,60.60,30.30,1.030,51.20,VacuumSystem
2025-01-01 00:00:07,60.70,30.35,1.035,51.40,VacuumSystem
2025-01-01 00:00:08,60.80,30.40,1.040,51.60,VacuumSystem
2025-01-01 00:00:09,60.90,30.45,1.045,51.80,VacuumSystem
2025-01-01 00:00:10,61.00,30.50,1.050,52.00,VacuumSystem
2025-01-01 00:00:11,61.10,30.55,1.055,52.20,VacuumSystem
2025-01-01 00:00:12,61.20,30.60,1.060,52.40,VacuumSystem
2025-01-01 00:00:13,61.30,30.65,1.065,52.60,VacuumSystem
2025-01-01 00:00:14,61.40,30.70,1.070,52.80,VacuumSystem
2025-01-01 00:00:15,61.50,30.75,1.075,53.00,VacuumSystem
2025-01-01 00:00:16,61.60,30.80,1.080,53.20,VacuumSystem
2025-01-01 00:00:17,61.70,30.85,1.085,53.40,VacuumSystem
2025-01-01 00:00:18,61.80,30.90,1.090,53.60,VacuumSystem
2025-01-01 00:00:19,61.90,30.95,1.095,53.80,VacuumSystem
2025-01-01 00:00:20,62.00,31.00,1.100,54.00,VacuumSystem
2025-01-01 00:00:21,62.10,31.05,1.105,54.20,VacuumSystem
2025-01-01 00:00:22,62.20,31.10,1.110,54.40,VacuumSystem
2025-01-01 00:00:23,62.30,31.15,1.115,54.60,VacuumSystem
2025-01-01 00:00:24,62.40,31.20,1.120,54.80,VacuumSystem
2025-01-01 00:00:25,62.50,31.25,1.125,55.00,VacuumSystem
2025-01-01 00:00:26,62.60,31.30,1.130,55.20,VacuumSystem
2025-01-01 00:00:27,62.70,31.35,1.135,55.40,VacuumSystem
2025-01-01 00:00:28,62.80,31.40,1.140,55.60,VacuumSystem
2025-01-01 00:00:29,62.90,31.45,1.145,55.80,VacuumSystem
2025-01-01 00:00:30,63.00,31.50,1.150,56.00,VacuumSystem
2025-01-01 00:00:31,63.10,31.55,1.155,56.20,VacuumSystem
2025-01-01 00:00:32,63.20,31.60,1.160,56.40,VacuumSystem
2025-01-01 00:00:33,63.30,31.65,1.165,56.60,VacuumSystem
2025-01-01 00:00:34,63.40,31.70,1.170,56.80,VacuumSystem
2025-01-01 00:00:35,63.50,31.75,1.175,57.00,VacuumSystem
2025-01-01 00:00:36,63.60,31.80,1.180,57.20,VacuumSystem
2025-01-01 00:00:37,63.70,31.85,1.185,57.40,VacuumSystem
2025-01-01 00:00:38,63.80,31.90,1.190,57.60,VacuumSystem
2025-01-01 00:00:39,63.90,31.95,1.195,57.80,VacuumSystem
2025-01-01 00:00:40,64.00,32.00,1.200,58.00,VacuumSystem
2025-01-01 00:00:41,64.10,32.05,1.205,58.20,VacuumSystem
2025-01-01 00:00:42,64.20,32.10,1.210,58.40,VacuumSystem
2025-01-01 00:00:43,64.30,32.15,1.215,58.60,VacuumSystem
2025-01-01 00:00:44,64.40,32.20,1.220,58.80,VacuumSystem
2025-01-01 00:00:45,64.50,32.25,1.225,59.00,VacuumSystem
2025-01-01 00:00:46,64.60,32.30,1.230,59.20,VacuumSystem
2025-01-01 00:00:47,64.70,32.35,1.235,59.40,VacuumSystem
2025-01-01 00:00:48,64.80,32.40,1.240,59.60,VacuumSystem
2025-01-01 00:00:49,64.90,32.45,1.245,59.80,VacuumSystem
2025-01-01 00:00:50,65.00,32.50,1.250,60.00,VacuumSystem
2025-01-01 00:00:51,65.10,32.55,1.255,60.20,VacuumSystem
2025-01-01 00:00:52,65.20,32.60,1.260,60.40,VacuumSystem
2025-01-01 00:00:53,65.30,32.65,1.265,60.60,VacuumSystem
2025-01-01 00:00:54,65.40,32.70,1.270,60.80,VacuumSystem
2025-01-01 00:00:55,65.50,32.75,1.275,61.00,VacuumSystem
2025-01-01 00:00:56,65.60,32.80,1.280,61.20,VacuumSystem
2025-01-01 00:00:57,65.70,32.85,1.285,61.40,VacuumSystem
2025-01-01 00:00:58,65.80,32.90,1.290,61.60,VacuumSystem
2025-01-01 00:00:59,65.90,32.95,1.295,61.80,VacuumSystem
2025-01-01 00:01:00,66.00,33.00,1.300,62.00,VacuumSystem
2025-01-01 00:01:01,66.10,33.05,1.305,62.20,VacuumSystem
2025-01-01 00:01:02,66.20,33.10,1.310,62.40,VacuumSystem
2025-01-01 00:01:03,66.30,33.15,1.315,62.60,VacuumSystem
2025-01-01 00:01:04,66.40,33.20,1.320,62.80,VacuumSystem
2025-01-01 00:01:05,66.50,33.25,1.325,63.00,VacuumSystem
2025-01-01 00:01:06,66.60,33.30,1.330,63.20,VacuumSystem
2025-01-01 00:01:07,66.70,33.35,1.335,63.40,VacuumSystem
2025-01-01 00:01:08,66.80,33.40,1.340,63.60,VacuumSystem
2025-01-01 00:01:09,66.90,33.45,1.345,63.80,VacuumSystem
2025-01-01 00:01:10,67.00,33.50,1.350,64.00,VacuumSystem
2025-01-01 00:01:11,67.10,33.55,1.355,64.20,VacuumSystem
2025-01-01 00:01:12,67.20,33.60,1.360,64.40,VacuumSystem
2025-01-01 00:01:13,67.30,33.65,1.365,64.60,VacuumSystem
2025-01-01 00:01:14,67.40,33.70,1.370,64.80,VacuumSystem
2025-01-01 00:01:15,67.50,33.75,1.375,65.00,VacuumSystem
2025-01-01 00:01:16,67.60,33.80,1.380,65.20,VacuumSystem
2025-01-01 00:01:17,67.70,33.85,1.385,65.40,VacuumSystem
2025-01-01 00:01:18,67.80,33.90,1.390,65.60,VacuumSystem
2025-01-01 00:01:19,67.90,33.95,1.395,65.80,VacuumSystem
2025-01-01 00:01:20,68.00,34.00,1.400,66.00,VacuumSystem
2025-01-01 00:01:21,68.10,34.05,1.405,66.20,VacuumSystem
2025-01-01 00:01:22,68.20,34.10,1.410,66.40,VacuumSystem
2025-01-01 00:01:23,68.30,34.15,1.415,66.60,VacuumSystem
2025-01-01 00:01:24,68.40,34.20,1.420,66.80,VacuumSystem
2025-01-01 00:01:25,68.50,34.25,1.425,67.00,VacuumSystem
2025-01-01 00:01:26,68.60,34.30,1.430,67.20,VacuumSystem
2025-01-01 00:01:27,68.70,34.35,1.435,67.40,VacuumSystem
2025-01-01 00:01:28,68.80,34.40,1.440,67.60,VacuumSystem
2025-01-01 00:01:29,68.90,34.45,1.445,67.80,VacuumSystem
2025-01-01 00:01:30,69.00,34.50,1.450,68.00,VacuumSystem
2025-01-01 00:01:31,69.10,34.55,1.455,68.20,VacuumSystem
2025-01-01 00:01:32,69.20,34.60,1.460,68.40,VacuumSystem
2025-01-01 00:01:33,69.30,34.65,1.465,68.60,VacuumSystem
2025-01-01 00:01:34,69.40,34.70,1.470,68.80,VacuumSystem
2025-01-01 00:01:35,69.50,34.75,1.475,69.00,VacuumSystem
2025-01-01 00:01:36,69.60,34.80,1.480,69.20,VacuumSystem
2025-01-01 00:01:37,69.70,34.85,1.485,69.40,VacuumSystem
2025-01-01 00:01:38,69.80,34.90,1.490,69.60,VacuumSystem
2025-01-01 00:01:39,69.90,34.95,1.495,69.80,VacuumSystem
2025-01-01 00:01:40,70.00,35.00,1.500,70.00,VacuumSystem
2025-01-01 00:01:41,70.10,35.05,1.505,70.20,VacuumSystem
2025-01-01 00:01:42,70.20,35.10,1.510,70.40,VacuumSystem
2025-01-01 00:01:43,70.30,35.15,1.515,70.60,VacuumSystem
2025-01-01 00:01:44,70.40,35.20,1.520,70.80,VacuumSystem
2025-01-01 00:01:45,70.50,35.25,1.525,71.00,VacuumSystem
2025-01-01 00:01:46,70.60,35.30,1.530,71.20,VacuumSystem
2025-01-01 00:01:47,70.70,35.35,1.535,71.40,VacuumSystem
2025-01-01 00:01:48,70.80,35.40,1.540,71.60,VacuumSystem
2025-01-01 00:01:49,70.90,35.45,1.545,71.80,VacuumSystem
2025-01-01 00:01:50,71.00,35.50,1.550,72.00,VacuumSystem
2025-01-01 00:01:51,71.10,35.55,1.555,72.20,VacuumSystem
2025-01-01 00:01:52,71.20,35.60,1.560,72.40,VacuumSystem
2025-01-01 00:01:53,71.30,35.65,1.565,72.60,VacuumSystem
2025-01-01 00:01:54,71.40,35.70,1.570,72.80,VacuumSystem
2025-01-01 00:01:55,71.50,35.75,1.575,73.00,VacuumSystem
2025-01-01 00:01:56,71.60,35.80,1.580,73.20,VacuumSystem
2025-01-01 00:01:57,71.70,35.85,1.585,73.40,VacuumSystem
2025-01-01 00:01:58,71.80,35.90,1.590,73.60,VacuumSystem
2025-01-01 00:01:59,71.90,35.95,1.595,73.80,VacuumSystem
2025-01-01 00:02:00,72.00,36.00,1.600,74.00,VacuumSystem
2025-01-01 00:02:01,144.00,72.00,3.200,148.00,VacuumSystem
2025-01-01 00:02:02,144.00,72.00,3.200,148.00,VacuumSystem
2025-01-01 00:02:03,144.00,72.00,3.200,148.00,VacuumSystem
2025-01-01 00:02:04,144.00,72.00,3.200,148.00,VacuumSystem
2025-01-01 00:02:05,144.00,72.00,3.200,148.00,VacuumSystem
2025-01-01 00:02:06,144.00,72.00,3.200,148.00,VacuumSystem
2025-01-01 00:02:07,144.00,72.00,3.200,148.00,VacuumSystem
2025-01-01 00:02:08,144.00,72.00,3.200,148.00,VacuumSystem
2025-01-01 00:02:09,144.00,72.00,3.200,148.00,VacuumSystem
2025-01-01 00:02:10,144.00,72.00,3.200,148.00,VacuumSystem
2025-01-01 00:02:11,144.00,72.00,3.200,148.00,VacuumSystem
2025-01-01 00:02:12,144.00,72.00,3.200,148.00,VacuumSystem
2025-01-01 00:02:13,144.00,72.00,3.200,148.00,VacuumSystem
2025-01-01 00:02:14,144.00,72.00,3.200,148.00,VacuumSystem
2025-01-01 00:02:15,144.00,72.00,3.200,148.00,VacuumSystem
2025-01-01 00:02:16,144.00,72.00,3.200,148.00,VacuumSystem
2025-01-01 00:02:17,144.00,72.00,3.200,148.00,VacuumSystem
2025-01-01 00:02:18,144.00,72.00,3.200,148.00,VacuumSystem
2025-01-01 00:02:19,144.00,72.00,3.200,148.00,VacuumSystem
2025-01-01 00:02:20,144.00,72.00,3.200,148.00,VacuumSystem
2025-01-01 00:02:21,144.00,72.00,3.200,148.00,VacuumSystem
2025-01-01 00:02:22,144.00,72.00,3.200,148.00,VacuumSystem
2025-01-01 00:02:23,144.00,72.00,3.200,148.00,VacuumSystem
2025-01-01 00:02:24,144.00,72.00,3.200,148.00,VacuumSystem
2025-01-01 00:02:25,144.00,72.00,3.200,148.00,VacuumSystem
2025-01-01 00:02:26,144.00,72.00,3.200,148.00,VacuumSystem
2025-01-01 00:02:27,144.00,72.00,3.200,148.00,VacuumSystem
2025-01-01 00:02:28,144.00,72.00,3.200,148.00,VacuumSystem
2025-01-01 00:02:29,144.00,72.00,3.200,148.00,VacuumSystem
2025-01-01 00:02:30,144.00,72.00,3.200,148.00,VacuumSystem
2025-01-01 00:02:31,144.00,72.00,3.200,148.00,VacuumSystem
2025-01-01 00:02:32,144.00,72.00,3.200,148.00,VacuumSystem
2025-01-01 00:02:33,144.00,72.00,3.200,148.00,VacuumSystem
2025-01-01 00:02:34,144.00,72.00,3.200,148.00,VacuumSystem
2025-01-01 00:02:35,144.00,72.00,3.200,148.00,VacuumSystem
2025-01-01 00:02:36,144.00,72.00,3.200,148.00,VacuumSystem
2025-01-01 00:02:37,144.00,72.00,3.200,148.00,VacuumSystem
2025-01-01 00:02:38,144.00,72.00,3.200,148.00,VacuumSystem
2025-01-01 00:02:39,144.00,72.00,3.200,148.00,VacuumSystem
2025-01-01 00:02:40,144.00,72.00,3.200,148.00,VacuumSystem
2025-01-01 00:02:41,144.00,72.00,3.200,148.00,VacuumSystem
2025-01-01 00:02:42,144.00,72.00,3.200,148.00,VacuumSystem
2025-01-01 00:02:43,144.00,72.00,3.200,148.00,VacuumSystem
2025-01-01 00:02:44,144.00,72.00,3.200,148.00,VacuumSystem
2025-01-01 00:02:45,144.00,72.00,3.200,148.00,VacuumSystem
2025-01-01 00:02:46,144.00,72.00,3.200,148.00,VacuumSystem
2025-01-01 00:02:47,144.00,72.00,3.200,148.00,VacuumSystem
2025-01-01 00:02:48,144.00,72.00,3.200,148.00,VacuumSystem
2025-01-01 00:02:49,144.00,72.00,3.200,148.00,VacuumSystem
2025-01-01 00:02:50,144.00,72.00,3.200,148.00,VacuumSystem
2025-01-01 00:02:51,144.00,72.00,3.200,148.00,VacuumSystem
2025-01-01 00:02:52,144.00,72.00,3.200,148.00,VacuumSystem
2025-01-01 00:02:53,144.00,72.00,3.200,148.00,VacuumSystem
2025-01-01 00:02:54,144.00,72.00,3.200,148.00,VacuumSystem
2025-01-01 00:02:55,144.00,72.00,3.200,148.00,VacuumSystem
2025-01-01 00:02:56,144.00,72.00,3.200,148.00,VacuumSystem
2025-01-01 00:02:57,144.00,72.00,3.200,148.00,VacuumSystem
2025-01-01 00:02:58,144.00,72.00,3.200,148.00,VacuumSystem
2025-01-01 00:02:59,144.00,72.00,3.200,148.00,VacuumSystem
2025-01-01 00:03:00,144.00,72.00,3.200,148.00,VacuumSystem
2025-01-01 00:03:01,144.00,72.00,3.200,148.00,VacuumSystem
2025-01-01 00:03:02,144.00,72.00,3.200,148.00,VacuumSystem
2025-01-01 00:03:03,144.00,72.00,3.200,148.00,VacuumSystem
2025-01-01 00:03:04,144.00,72.00,3.200,148.00,VacuumSystem
2025-01-01 00:03:05,144.00,72.00,3.200,148.00,VacuumSystem
2025-01-01 00:03:06,144.00,72.00,3.200,148.00,VacuumSystem
2025-01-01 00:03:07,144.00,72.00,3.200,148.00,VacuumSystem
2025-01-01 00:03:08,144.00,72.00,3.200,148.00,VacuumSystem
2025-01-01 00:03:09,144.00,72.00,3.200,148.00,VacuumSystem
2025-01-01 00:03:10,144.00,72.00,3.200,148.00,VacuumSystem
2025-01-01 00:03:11,144.00,72.00,3.200,148.00,VacuumSystem
2025-01-01 00:03:12,144.00,72.00,3.200,148.00,VacuumSystem
2025-01-01 00:03:13,144.00,72.00,3.200,148.00,VacuumSystem
2025-01-01 00:03:14,144.00,72.00,3.200,148.00,VacuumSystem
2025-01-01 00:03:15,144.00,72.00,3.200,148.00,VacuumSystem
2025-01-01 00:03:16,144.00,72.00,3.200,148.00,VacuumSystem
2025-01-01 00:03:17,144.00,72.00,3.200,148.00,VacuumSystem
2025-01-01 00:03:18,144.00,72.00,3.200,148.00,VacuumSystem
2025-01-01 00:03:19,144.00,72.00,3.200,148.00,VacuumSystem
2025-01-01 00:03:20,144.00,72.00,3.200,148.00,VacuumSystem
2025-01-01 00:03:21,144.00,72.00,3.200,148.00,VacuumSystem
2025-01-01 00:03:22,144.00,72.00,3.200,148.00,VacuumSystem
2025-01-01 00:03:23,144.00,72.00,3.200,148.00,VacuumSystem
2025-01-01 00:03:24,144.00,72.00,3.200,148.00,VacuumSystem
2025-01-01 00:03:25,144.00,72.00,3.200,148.00,VacuumSystem
2025-01-01 00:03:26,144.00,72.00,3.200,148.00,VacuumSystem
2025-01-01 00:03:27,144.00,72.00,3.200,148.00,VacuumSystem
2025-01-01 00:03:28,144.00,72.00,3.200,148.00,VacuumSystem
2025-01-01 00:03:29,144.00,72.00,3.200,148.00,VacuumSystem
2025-01-01 00:03:30,144.00,72.00,3.200,148.00,VacuumSystem
2025-01-01 00:03:31,144.00,72.00,3.200,148.00,VacuumSystem
2025-01-01 00:03:32,144.00,72.00,3.200,148.00,VacuumSystem
2025-01-01 00:03:33,144.00,72.00,3.200,148.00,VacuumSystem
2025-01-01 00:03:34,144.00,72.00,3.200,148.00,VacuumSystem
2025-01-01 00:03:35,144.00,72.00,3.200,148.00,VacuumSystem
2025-01-01 00:03:36,144.00,72.00,3.200,148.00,VacuumSystem
2025-01-01 00:03:37,144.00,72.00,3.200,148.00,VacuumSystem
2025-01-01 00:03:38,144.00,72.00,3.200,148.00,VacuumSystem
2025-01-01 00:03:39,144.00,72.00,3.200,148.00,VacuumSystem
2025-01-01 00:03:40,144.00,72.00,3.200,148.00,VacuumSystem
2025-01-01 00:03:41,144.00,72.00,3.200,148.00,VacuumSystem
2025-01-01 00:03:42,144.00,72.00,3.200,148.00,VacuumSystem
2025-01-01 00:03:43,144.00,72.00,3.200,148.00,VacuumSystem
2025-01-01 00:03:44,144.00,72.00,3.200,148.00,VacuumSystem
2025-01-01 00:03:45,144.00,72.00,3.200,148.00,VacuumSystem
2025-01-01 00:03:46,144.00,72.00,3.200,148.00,VacuumSystem
2025-01-01 00:03:47,144.00,72.00,3.200,148.00,VacuumSystem
2025-01-01 00:03:48,144.00,72.00,3.200,148.00,VacuumSystem
2025-01-01 00:03:49,144.00,72.00,3.200,148.00,VacuumSystem
2025-01-01 00:03:50,144.00,72.00,3.200,148.00,VacuumSystem
2025-01-01 00:03:51,288.00,144.00,6.400,296.00,VacuumSystem
2025-01-01 00:03:52,288.00,144.00,6.400,296.00,VacuumSystem
2025-01-01 00:03:53,288.00,144.00,6.400,296.00,VacuumSystem
2025-01-01 00:03:54,288.00,144.00,6.400,296.00,VacuumSystem
2025-01-01 00:03:55,288.00,144.00,6.400,296.00,VacuumSystem
2025-01-01 00:03:56,288.00,144.00,6.400,296.00,VacuumSystem
2025-01-01 00:03:57,288.00,144.00,6.400,296.00,VacuumSystem
2025-01-01 00:03:58,288.00,144.00,6.400,296.00,VacuumSystem
2025-01-01 00:03:59,288.00,144.00,6.400,296.00,VacuumSystem
2025-01-01 00:04:00,288.00,144.00,6.400,296.00,VacuumSystem
2025-01-01 00:04:01,288.00,144.00,6.400,296.00,VacuumSystem
2025-01-01 00:04:02,288.00,144.00,6.400,296.00,VacuumSystem
2025-01-01 00:04:03,288.00,144.00,6.400,296.00,VacuumSystem
2025-01-01 00:04:04,288.00,144.00,6.400,296.00,VacuumSystem
2025-01-01 00:04:05,288.00,144.00,6.400,296.00,VacuumSystem
2025-01-01 00:04:06,288.00,144.00,6.400,296.00,VacuumSystem
2025-01-01 00:04:07,288.00,144.00,6.400,296.00,VacuumSystem
2025-01-01 00:04:08,288.00,144.00,6.400,296.00,VacuumSystem
2025-01-01 00:04:09,288.00,144.00,6.400,296.00,VacuumSystem
2025-01-01 00:04:10,288.00,144.00,6.400,296.00,VacuumSystem
2025-01-01 00:04:11,288.00,144.00,6.400,296.00,VacuumSystem
2025-01-01 00:04:12,288.00,144.00,6.400,296.00,VacuumSystem
2025-01-01 00:04:13,288.00,144.00,6.400,296.00,VacuumSystem
2025-01-01 00:04:14,288.00,144.00,6.400,296.00,VacuumSystem
2025-01-01 00:04:15,288.00,144.00,6.400,296.00,VacuumSystem
2025-01-01 00:04:16,288.00,144.00,6.400,296.00,VacuumSystem
2025-01-01 00:04:17,288.00,144.00,6.400,296.00,VacuumSystem
2025-01-01 00:04:18,288.00,144.00,6.400,296.00,VacuumSystem
2025-01-01 00:04:19,288.00,144.00,6.400,296.00,VacuumSystem
2025-01-01 00:04:20,288.00,144.00,6.400,296.00,VacuumSystem
2025-01-01 00:04:21,288.00,144.00,6.400,296.00,VacuumSystem
2025-01-01 00:04:22,288.00,144.00,6.400,296.00,VacuumSystem
2025-01-01 00:04:23,288.00,144.00,6.400,296.00,VacuumSystem
2025-01-01 00:04:24,288.00,144.00,6.400,296.00,VacuumSystem
2025-01-01 00:04:25,288.00,144.00,6.400,296.00,VacuumSystem
2025-01-01 00:04:26,288.00,144.00,6.400,296.00,VacuumSystem
2025-01-01 00:04:27,288.00,144.00,6.400,296.00,VacuumSystem
2025-01-01 00:04:28,288.00,144.00,6.400,296.00,VacuumSystem
2025-01-01 00:04:29,288.00,144.00,6.400,296.00,VacuumSystem
2025-01-01 00:04:30,288.00,144.00,6.400,296.00,VacuumSystem
2025-01-01 00:04:31,288.00,144.00,6.400,296.00,VacuumSystem
2025-01-01 00:04:32,288.00,144.00,6.400,296.00,VacuumSystem
2025-01-01 00:04:33,288.00,144.00,6.400,296.00,VacuumSystem
2025-01-01 00:04:34,288.00,144.00,6.400,296.00,VacuumSystem
2025-01-01 00:04:35,288.00,144.00,6.400,296.00,VacuumSystem
2025-01-01 00:04:36,288.00,144.00,6.400,296.00,VacuumSystem
2025-01-01 00:04:37,288.00,144.00,6.400,296.00,VacuumSystem
2025-01-01 00:04:38,288.00,144.00,6.400,296.00,VacuumSystem
2025-01-01 00:04:39,288.00,144.00,6.400,296.00,VacuumSystem
2025-01-01 00:04:40,288.00,144.00,6.400,296.00,VacuumSystem
2025-01-01 00:04:41,288.00,144.00,6.400,296.00,VacuumSystem
2025-01-01 00:04:42,288.00,144.00,6.400,296.00,VacuumSystem
2025-01-01 00:04:43,288.00,144.00,6.400,296.00,VacuumSystem
2025-01-01 00:04:44,288.00,144.00,6.400,296.00,VacuumSystem
2025-01-01 00:04:45,288.00,144.00,6.400,296.00,VacuumSystem
2025-01-01 00:04:46,288.00,144.00,6.400,296.00,VacuumSystem
2025-01-01 00:04:47,288.00,144.00,6.400,296.00,VacuumSystem
2025-01-01 00:04:48,288.00,144.00,6.400,296.00,VacuumSystem
2025-01-01 00:04:49,288.00,144.00,6.400,296.00,VacuumSystem
2025-01-01 00:04:50,288.00,144.00,6.400,296.00,VacuumSystem
2025-01-01 00:04:51,288.00,144.00,6.400,296.00,VacuumSystem
2025-01-01 00:04:52,288.00,144.00,6.400,296.00,VacuumSystem
2025-01-01 00:04:53,288.00,144.00,6.400,296.00,VacuumSystem
2025-01-01 00:04:54,288.00,144.00,6.400,296.00,VacuumSystem
2025-01-01 00:04:55,288.00,144.00,6.400,296.00,VacuumSystem
2025-01-01 00:04:56,288.00,144.00,6.400,296.00,VacuumSystem
2025-01-01 00:04:57,288.00,144.00,6.400,296.00,VacuumSystem
2025-01-01 00:04:58,288.00,144.00,6.400,296.00,VacuumSystem
2025-01-01 00:04:59,288.00,144.00,6.400,296.00,VacuumSystem
2025-01-01 00:05:00,288.00,144.00,6.400,296.00,VacuumSystem
2025-01-01 00:05:01,288.00,144.00,6.400,296.00,VacuumSystem
2025-01-01 00:05:02,288.00,144.00,6.400,296.00,VacuumSystem
2025-01-01 00:05:03,288.00,144.00,6.400,296.00,VacuumSystem
2025-01-01 00:05:04,288.00,144.00,6.400,296.00,VacuumSystem
2025-01-01 00:05:05,288.00,144.00,6.400,296.00,VacuumSystem
2025-01-01 00:05:06,288.00,144.00,6.400,296.00,VacuumSystem
2025-01-01 00:05:07,288.00,144.00,6.400,296.00,VacuumSystem
2025-01-01 00:05:08,288.00,144.00,6.400,296.00,VacuumSystem
2025-01-01 00:05:09,288.00,144.00,6.400,296.00,VacuumSystem
2025-01-01 00:05:10,288.00,144.00,6.400,296.00,VacuumSystem
2025-01-01 00:05:11,288.00,144.00,6.400,296.00,VacuumSystem
2025-01-01 00:05:12,288.00,144.00,6.400,296.00,VacuumSystem
2025-01-01 00:05:13,288.00,144.00,6.400,296.00,VacuumSystem
2025-01-01 00:05:14,288.00,144.00,6.400,296.00,VacuumSystem
2025-01-01 00:05:15,288.00,144.00,6.400,296.00,VacuumSystem
2025-01-01 00:05:16,288.00,144.00,6.400,296.00,VacuumSystem
2025-01-01 00:05:17,288.00,144.00,6.400,296.00,VacuumSystem
2025-01-01 00:05:18,288.00,144.00,6.400,296.00,VacuumSystem
2025-01-01 00:05:19,288.00,144.00,6.400,296.00,VacuumSystem
2025-01-01 00:05:20,288.00,144.00,6.400,296.00,VacuumSystem
2025-01-01 00:05:21,288.00,144.00,6.400,296.00,VacuumSystem
2025-01-01 00:05:22,288.00,144.00,6.400,296.00,VacuumSystem
2025-01-01 00:05:23,288.00,144.00,6.400,296.00,VacuumSystem
2025-01-01 00:05:24,288.00,144.00,6.400,296.00,VacuumSystem
2025-01-01 00:05:25,288.00,144.00,6.400,296.00,VacuumSystem
2025-01-01 00:05:26,288.00,144.00,6.400,296.00,VacuumSystem
2025-01-01 00:05:27,288.00,144.00,6.400,296.00,VacuumSystem
2025-01-01 00:05:28,288.00,144.00,6.400,296.00,VacuumSystem
2025-01-01 00:05:29,288.00,144.00,6.400,296.00,VacuumSystem
2025-01-01 00:05:30,288.00,144.00,6.400,296.00,VacuumSystem
2025-01-01 00:05:31,288.00,144.00,6.400,296.00,VacuumSystem
2025-01-01 00:05:32,288.00,144.00,6.400,296.00,VacuumSystem
2025-01-01 00:05:33,288.00,144.00,6.400,296.00,VacuumSystem
2025-01-01 00:05:34,288.00,144.00,6.400,296.00,VacuumSystem
2025-01-01 00:05:35,288.00,144.00,6.400,296.00,VacuumSystem
2025-01-01 00:05:36,288.00,144.00,6.400,296.00,VacuumSystem
2025-01-01 00:05:37,288.00,144.00,6.400,296.00,VacuumSystem
2025-01-01 00:05:38,288.00,144.00,6.400,296.00,VacuumSystem
2025-01-01 00:05:39,288.00,144.00,6.400,296.00,VacuumSystem
2025-01-01 00:05:40,288.00,144.00,6.400,296.00,VacuumSystem
2025-01-01 00:05:41,576.00,288.00,12.800,592.00,VacuumSystem
2025-01-01 00:05:42,576.00,288.00,12.800,592.00,VacuumSystem
2025-01-01 00:05:43,576.00,288.00,12.800,592.00,VacuumSystem
2025-01-01 00:05:44,576.00,288.00,12.800,592.00,VacuumSystem
2025-01-01 00:05:45,576.00,288.00,12.800,592.00,VacuumSystem
2025-01-01 00:05:46,576.00,288.00,12.800,592.00,VacuumSystem
2025-01-01 00:05:47,576.00,288.00,12.800,592.00,VacuumSystem
2025-01-01 00:05:48,576.00,288.00,12.800,592.00,VacuumSystem
2025-01-01 00:05:49,576.00,288.00,12.800,592.00,VacuumSystem
2025-01-01 00:05:50,576.00,288.00,12.800,592.00,VacuumSystem
2025-01-01 00:05:51,576.00,288.00,12.800,592.00,VacuumSystem
2025-01-01 00:05:52,576.00,288.00,12.800,592.00,VacuumSystem
2025-01-01 00:05:53,576.00,288.00,12.800,592.00,VacuumSystem
2025-01-01 00:05:54,576.00,288.00,12.800,592.00,VacuumSystem
2025-01-01 00:05:55,576.00,288.00,12.800,592.00,VacuumSystem
2025-01-01 00:05:56,576.00,288.00,12.800,592.00,VacuumSystem
2025-01-01 00:05:57,576.00,288.00,12.800,592.00,VacuumSystem
2025-01-01 00:05:58,576.00,288.00,12.800,592.00,VacuumSystem
2025-01-01 00:05:59,576.00,288.00,12.800,592.00,VacuumSystem
2025-01-01 00:06:00,576.00,288.00,12.800,592.00,VacuumSystem
2025-01-01 00:06:01,576.00,288.00,12.800,592.00,VacuumSystem
2025-01-01 00:06:02,576.00,288.00,12.800,592.00,VacuumSystem
2025-01-01 00:06:03,576.00,288.00,12.800,592.00,VacuumSystem
2025-01-01 00:06:04,576.00,288.00,12.800,592.00,VacuumSystem
2025-01-01 00:06:05,576.00,288.00,12.800,592.00,VacuumSystem
2025-01-01 00:06:06,576.00,288.00,12.800,592.00,VacuumSystem
2025-01-01 00:06:07,576.00,288.00,12.800,592.00,VacuumSystem
2025-01-01 00:06:08,576.00,288.00,12.800,592.00,VacuumSystem
2025-01-01 00:06:09,576.00,288.00,12.800,592.00,VacuumSystem
2025-01-01 00:06:10,576.00,288.00,12.800,592.00,VacuumSystem
2025-01-01 00:06:11,576.00,288.00,12.800,592.00,VacuumSystem
2025-01-01 00:06:12,576.00,288.00,12.800,592.00,VacuumSystem
2025-01-01 00:06:13,576.00,288.00,12.800,592.00,VacuumSystem
2025-01-01 00:06:14,576.00,288.00,12.800,592.00,VacuumSystem
2025-01-01 00:06:15,576.00,288.00,12.800,592.00,VacuumSystem
2025-01-01 00:06:16,576.00,288.00,12.800,592.00,VacuumSystem
2025-01-01 00:06:17,576.00,288.00,12.800,592.00,VacuumSystem
2025-01-01 00:06:18,576.00,288.00,12.800,592.00,VacuumSystem
2025-01-01 00:06:19,576.00,288.00,12.800,592.00,VacuumSystem
2025-01-01 00:06:20,576.00,288.00,12.800,592.00,VacuumSystem
2025-01-01 00:06:21,576.00,288.00,12.800,592.00,VacuumSystem
2025-01-01 00:06:22,576.00,288.00,12.800,592.00,VacuumSystem
2025-01-01 00:06:23,576.00,288.00,12.800,592.00,VacuumSystem
2025-01-01 00:06:24,576.00,288.00,12.800,592.00,VacuumSystem
2025-01-01 00:06:25,576.00,288.00,12.800,592.00,VacuumSystem
2025-01-01 00:06:26,576.00,288.00,12.800,592.00,VacuumSystem
2025-01-01 00:06:27,576.00,288.00,12.800,592.00,VacuumSystem
2025-01-01 00:06:28,576.00,288.00,12.800,592.00,VacuumSystem
2025-01-01 00:06:29,576.00,288.00,12.800,592.00,VacuumSystem
2025-01-01 00:06:30,576.00,288.00,12.800,592.00,VacuumSystem
2025-01-01 00:06:31,576.00,288.00,12.800,592.00,VacuumSystem
2025-01-01 00:06:32,576.00,288.00,12.800,592.00,VacuumSystem
2025-01-01 00:06:33,576.00,288.00,12.800,592.00,VacuumSystem
2025-01-01 00:06:34,576.00,288.00,12.800,592.00,VacuumSystem
2025-01-01 00:06:35,576.00,288.00,12.800,592.00,VacuumSystem
2025-01-01 00:06:36,576.00,288.00,12.800,592.00,VacuumSystem
2025-01-01 00:06:37,576.00,288.00,12.800,592.00,VacuumSystem
2025-01-01 00:06:38,576.00,288.00,12.800,592.00,VacuumSystem
2025-01-01 00:06:39,576.00,288.00,12.800,592.00,VacuumSystem
2025-01-01 00:06:40,576.00,288.00,12.800,592.00,VacuumSystem
2025-01-01 00:06:41,576.00,288.00,12.800,592.00,VacuumSystem
2025-01-01 00:06:42,576.00,288.00,12.800,592.00,VacuumSystem
2025-01-01 00:06:43,576.00,288.00,12.800,592.00,VacuumSystem
2025-01-01 00:06:44,576.00,288.00,12.800,592.00,VacuumSystem
2025-01-01 00:06:45,576.00,288.00,12.800,592.00,VacuumSystem
2025-01-01 00:06:46,576.00,288.00,12.800,592.00,VacuumSystem
2025-01-01 00:06:47,576.00,288.00,12.800,592.00,VacuumSystem
2025-01-01 00:06:48,576.00,288.00,12.800,592.00,VacuumSystem
2025-01-01 00:06:49,576.00,288.00,12.800,592.00,VacuumSystem
2025-01-01 00:06:50,576.00,288.00,12.800,592.00,VacuumSystem
2025-01-01 00:06:51,576.00,288.00,12.800,592.00,VacuumSystem
2025-01-01 00:06:52,576.00,288.00,12.800,592.00,VacuumSystem
2025-01-01 00:06:53,576.00,288.00,12.800,592.00,VacuumSystem
2025-01-01 00:06:54,576.00,288.00,12.800,592.00,VacuumSystem
2025-01-01 00:06:55,576.00,288.00,12.800,592.00,VacuumSystem
2025-01-01 00:06:56,576.00,288.00,12.800,592.00,VacuumSystem
2025-01-01 00:06:57,576.00,288.00,12.800,592.00,VacuumSystem
2025-01-01 00:06:58,576.00,288.00,12.800,592.00,VacuumSystem
2025-01-01 00:06:59,576.00,288.00,12.800,592.00,VacuumSystem
2025-01-01 00:07:00,576.00,288.00,12.800,592.00,VacuumSystem
2025-01-01 00:07:01,576.00,288.00,12.800,592.00,VacuumSystem
2025-01-01 00:07:02,576.00,288.00,12.800,592.00,VacuumSystem
2025-01-01 00:07:03,576.00,288.00,12.800,592.00,VacuumSystem
2025-01-01 00:07:04,576.00,288.00,12.800,592.00,VacuumSystem
2025-01-01 00:07:05,576.00,288.00,12.800,592.00,VacuumSystem
2025-01-01 00:07:06,576.00,288.00,12.800,592.00,VacuumSystem
2025-01-01 00:07:07,576.00,288.00,12.800,592.00,VacuumSystem
2025-01-01 00:07:08,576.00,288.00,12.800,592.00,VacuumSystem
2025-01-01 00:07:09,576.00,288.00,12.800,592.00,VacuumSystem
2025-01-01 00:07:10,576.00,288.00,12.800,592.00,VacuumSystem
2025-01-01 00:07:11,576.00,288.00,12.800,592.00,VacuumSystem
2025-01-01 00:07:12,576.00,288.00,12.800,592.00,VacuumSystem
2025-01-01 00:07:13,576.00,288.00,12.800,592.00,VacuumSystem
2025-01-01 00:07:14,576.00,288.00,12.800,592.00,VacuumSystem
2025-01-01 00:07:15,576.00,288.00,12.800,592.00,VacuumSystem
2025-01-01 00:07:16,576.00,288.00,12.800,592.00,VacuumSystem
2025-01-01 00:07:17,576.00,288.00,12.800,592.00,VacuumSystem
2025-01-01 00:07:18,576.00,288.00,12.800,592.00,VacuumSystem
2025-01-01 00:07:19,576.00,288.00,12.800,592.00,VacuumSystem
2025-01-01 00:07:20,576.00,288.00,12.800,592.00,VacuumSystem
2025-01-01 00:07:21,576.00,288.00,12.800,592.00,VacuumSystem
2025-01-01 00:07:22,576.00,288.00,12.800,592.00,VacuumSystem
2025-01-01 00:07:23,576.00,288.00,12.800,592.00,VacuumSystem
2025-01-01 00:07:24,576.00,288.00,12.800,592.00,VacuumSystem
2025-01-01 00:07:25,576.00,288.00,12.800,592.00,VacuumSystem
2025-01-01 00:07:26,576.00,288.00,12.800,592.00,VacuumSystem
2025-01-01 00:07:27,576.00,288.00,12.800,592.00,VacuumSystem
2025-01-01 00:07:28,576.00,288.00,12.800,592.00,VacuumSystem
2025-01-01 00:07:29,576.00,288.00,12.800,592.00,VacuumSystem
2025-01-01 00:07:30,576.00,288.00,12.800,592.00,VacuumSystem
2025-01-01 00:07:31,576.00,288.00,12.800,592.00,VacuumSystem
2025-01-01 00:07:32,576.00,288.00,12.800,592.00,VacuumSystem
2025-01-01 00:07:33,576.00,288.00,12.800,592.00,VacuumSystem
2025-01-01 00:07:34,576.00,288.00,12.800,592.00,VacuumSystem
2025-01-01 00:07:35,576.00,288.00,12.800,592.00,VacuumSystem
2025-01-01 00:07:36,576.00,288.00,12.800,592.00,VacuumSystem
2025-01-01 00:07:37,576.00,288.00,12.800,592.00,VacuumSystem
2025-01-01 00:07:38,576.00,288.00,12.800,592.00,VacuumSystem
2025-01-01 00:07:39,576.00,288.00,12.800,592.00,VacuumSystem
2025-01-01 00:07:40,576.00,288.00,12.800,592.00,VacuumSystem
2025-01-01 00:07:41,1152.00,576.00,25.600,1184.00,VacuumSystem
2025-01-01 00:07:42,1152.00,576.00,25.600,1184.00,VacuumSystem
2025-01-01 00:07:43,1152.00,576.00,25.600,1184.00,VacuumSystem
2025-01-01 00:07:44,1152.00,576.00,25.600,1184.00,VacuumSystem
2025-01-01 00:07:45,1152.00,576.00,25.600,1184.00,VacuumSystem
2025-01-01 00:07:46,1152.00,576.00,25.600,1184.00,VacuumSystem
2025-01-01 00:07:47,1152.00,576.00,25.600,1184.00,VacuumSystem
2025-01-01 00:07:48,1152.00,576.00,25.600,1184.00,VacuumSystem
2025-01-01 00:07:49,1152.00,576.00,25.600,1184.00,VacuumSystem
2025-01-01 00:07:50,1152.00,576.00,25.600,1184.00,VacuumSystem
2025-01-01 00:07:51,1152.00,576.00,25.600,1184.00,VacuumSystem
2025-01-01 00:07:52,1152.00,576.00,25.600,1184.00,VacuumSystem
2025-01-01 00:07:53,1152.00,576.00,25.600,1184.00,VacuumSystem
2025-01-01 00:07:54,1152.00,576.00,25.600,1184.00,VacuumSystem
2025-01-01 00:07:55,1152.00,576.00,25.600,1184.00,VacuumSystem
2025-01-01 00:07:56,1152.00,576.00,25.600,1184.00,VacuumSystem
2025-01-01 00:07:57,1152.00,576.00,25.600,1184.00,VacuumSystem
2025-01-01 00:07:58,1152.00,576.00,25.600,1184.00,VacuumSystem
2025-01-01 00:07:59,1152.00,576.00,25.600,1184.00,VacuumSystem
2025-01-01 00:08:00,1152.00,576.00,25.600,1184.00,VacuumSystem